date,date_block_num,shop_id,item_id,item_price,item_cnt_day
03.08.2015,31,52,20616,2099.0,1.0
03.08.2015,31,49,5336,299.0,1.0
03.08.2015,31,56,9250,1300.0,2.0
03.08.2015,31,51,7213,970.0,1.0
03.08.2015,31,28,5900,498.0,1.0
03.08.2015,31,12,16843,599.0,1.0
03.08.2015,31,28,3342,2499.0,1.0
03.08.2015,31,12,19634,299.0,-1.0
03.08.2015,31,53,1087,349.0,1.0
03.08.2015,31,55,4144,990.0,1.0
03.08.2015,31,55,3466,1199.0,1.0
03.08.2015,31,48,4385,599.0,1.0
03.08.2015,31,56,8981,399.0,1.0
03.08.2015,31,28,7220,1299.0,1.0
03.08.2015,31,26,16560,98.0,1.0
03.08.2015,31,53,14830,299.0,4.0
03.08.2015,31,28,8899,649.0,1.0
03.08.2015,31,21,2860,1799.0,1.0
03.08.2015,31,12,20517,2299.0,1.0
03.08.2015,31,56,9923,299.0,1.0
03.08.2015,31,28,2288,1198.0,1.0
03.08.2015,31,47,6503,1999.0,1.0
03.08.2015,31,47,18049,299.0,1.0
03.08.2015,31,55,4765,99.0,1.0
03.08.2015,31,14,1384,198.0,1.0
03.08.2015,31,53,7893,2490.0,1.0
03.08.2015,31,47,18456,229.0,1.0
03.08.2015,31,21,18595,999.0,1.0
03.08.2015,31,46,7956,6490.0,1.0
03.08.2015,31,47,18052,299.0,1.0
03.08.2015,31,31,12361,99.0,1.0
03.08.2015,31,25,2308,199.0,1.0
03.08.2015,31,28,5319,299.0,1.0
03.08.2015,31,42,12459,299.0,1.0
03.08.2015,31,47,18039,299.0,1.0
03.08.2015,31,53,14831,1099.0,1.0
03.08.2015,31,56,10292,169.0,1.0
03.08.2015,31,21,7877,2598.0,1.0
03.08.2015,31,56,10298,169.0,1.0
03.08.2015,31,21,12751,299.0,1.0
03.08.2015,31,12,21081,1299.0,1.0
03.08.2015,31,25,8452,2490.0,1.0
03.08.2015,31,47,16788,2099.0,1.0
03.08.2015,31,12,21247,1299.0,1.0
03.08.2015,31,28,7856,1199.0,1.0
03.08.2015,31,25,7792,2499.0,1.0
03.08.2015,31,31,6507,1499.0,1.0
03.08.2015,31,53,11081,99.0,1.0
03.08.2015,31,12,20625,649.0,1.0
03.08.2015,31,25,18326,229.0,1.0
03.08.2015,31,53,1814,3599.0,1.0
03.08.2015,31,49,7736,899.0,1.0
03.08.2015,31,52,17655,2999.0,1.0
03.08.2015,31,53,15112,159.0,1.0
03.08.2015,31,48,12465,229.0,1.0
03.08.2015,31,48,12475,229.0,1.0
03.08.2015,31,12,17662,1999.0,1.0
03.08.2015,31,47,17046,399.0,1.0
03.08.2015,31,53,1876,2599.0,1.0
03.08.2015,31,28,2104,449.0,1.0
03.08.2015,31,21,18184,299.0,1.0
03.08.2015,31,21,18187,299.0,1.0
03.08.2015,31,53,10476,479.0,1.0
03.08.2015,31,21,18219,349.0,1.0
03.08.2015,31,12,16826,3499.0,1.0
03.08.2015,31,28,6503,1999.0,1.0
03.08.2015,31,53,1564,1699.0,1.0
03.08.2015,31,31,13076,1199.0,1.0
03.08.2015,31,42,11159,399.0,1.0
03.08.2015,31,55,3418,429.0,1.0
03.08.2015,31,47,18045,299.0,1.0
03.08.2015,31,47,18044,299.0,1.0
03.08.2015,31,28,5336,299.0,1.0
03.08.2015,31,12,22102,1250.0,4.0
03.08.2015,31,47,6675,26990.0,2.0
03.08.2015,31,26,16227,499.0,1.0
03.08.2015,31,42,19648,99.0,1.0
03.08.2015,31,53,8550,999.0,1.0
03.08.2015,31,31,12362,399.0,1.0
03.08.2015,31,47,15858,439.0,1.0
03.08.2015,31,12,21255,1299.0,1.0
03.08.2015,31,31,7440,299.0,1.0
03.08.2015,31,53,14844,299.0,5.0
03.08.2015,31,49,15548,229.0,1.0
03.08.2015,31,31,12550,199.0,1.0
03.08.2015,31,52,2422,1199.0,1.0
03.08.2015,31,26,14710,399.0,1.0
03.08.2015,31,47,20949,5.0,3.0
03.08.2015,31,55,13099,500.0,1.0
03.08.2015,31,48,22088,119.0,2.0
03.08.2015,31,46,9048,169.0,1.0
03.08.2015,31,50,3104,1248.0,1.0
03.08.2015,31,25,18036,299.0,1.0
03.08.2015,31,12,14500,199.0,-1.0
03.08.2015,31,48,21902,49.0,1.0
03.08.2015,31,12,14101,449.0,1.0
03.08.2015,31,47,3340,1199.0,1.0
03.08.2015,31,31,2308,199.0,1.0
03.08.2015,31,26,15237,499.0,1.0
03.08.2015,31,50,1012,198.0,1.0
03.08.2015,31,21,12118,22990.0,1.0
03.08.2015,31,48,8543,1400.0,1.0
03.08.2015,31,52,16118,659.0,1.0
03.08.2015,31,42,9412,299.0,1.0
03.08.2015,31,12,11373,344.0,5.0
03.08.2015,31,12,9244,900.0,1.0
03.08.2015,31,52,16071,299.0,1.0
03.08.2015,31,47,13265,449.0,1.0
03.08.2015,31,25,7872,28.0,1.0
03.08.2015,31,51,10330,200.0,1.0
03.08.2015,31,12,8550,999.0,1.0
03.08.2015,31,49,20609,1099.0,1.0
03.08.2015,31,12,8166,549.0,1.0
03.08.2015,31,49,20610,1099.0,1.0
03.08.2015,31,53,16946,199.0,1.0
03.08.2015,31,48,8672,169.0,1.0
03.08.2015,31,47,20625,649.0,1.0
03.08.2015,31,53,17662,1999.0,1.0
03.08.2015,31,28,3732,3399.0,1.0
03.08.2015,31,52,16130,399.0,1.0
03.08.2015,31,51,10476,310.0,1.0
03.08.2015,31,55,13343,150.0,1.0
03.08.2015,31,49,3421,699.0,1.0
03.08.2015,31,51,11099,90.0,1.0
03.08.2015,31,31,6311,449.0,1.0
03.08.2015,31,51,13278,251.03,1.0
03.08.2015,31,51,13328,479.82,1.0
03.08.2015,31,12,12957,229.0,1.0
03.08.2015,31,12,13606,329.0,1.0
03.08.2015,31,55,10586,299.0,1.0
03.08.2015,31,48,17717,990.0,1.0
03.08.2015,31,12,13387,299.0,1.0
03.08.2015,31,31,12558,249.0,1.0
03.08.2015,31,25,7507,199.0,1.0
03.08.2015,31,51,12028,75.0,1.0
03.08.2015,31,28,6082,1199.0,1.0
03.08.2015,31,50,2445,599.0,1.0
03.08.2015,31,31,12552,199.0,1.0
03.08.2015,31,12,13381,299.0,1.0
03.08.2015,31,42,7805,498.0,1.0
03.08.2015,31,50,2284,2699.0,1.0
03.08.2015,31,51,11698,93.0,1.0
03.08.2015,31,12,15266,699.0,1.0
03.08.2015,31,12,15283,1769.0,1.0
03.08.2015,31,49,17717,1799.0,2.0
03.08.2015,31,51,11921,350.0,1.0
03.08.2015,31,51,12134,263.0,1.0
03.08.2015,31,55,13359,150.0,2.0
03.08.2015,31,55,13098,2000.0,2.0
03.08.2015,31,21,20949,5.0,2.0
03.08.2015,31,48,18043,299.0,1.0
03.08.2015,31,21,12523,449.0,1.0
03.08.2015,31,55,13341,150.0,1.0
03.08.2015,31,12,13363,299.0,2.0
03.08.2015,31,31,12551,199.0,1.0
03.08.2015,31,21,17717,2599.0,1.0
03.08.2015,31,28,2458,299.0,1.0
03.08.2015,31,42,8457,298.0,1.0
03.08.2015,31,53,14836,299.0,1.0
03.08.2015,31,48,7934,498.0,1.0
03.08.2015,31,12,11372,333.333333333,3.0
03.08.2015,31,53,13817,149.0,1.0
03.08.2015,31,31,4415,1549.0,-1.0
03.08.2015,31,28,6436,999.0,1.0
03.08.2015,31,47,13826,299.0,1.0
03.08.2015,31,53,12889,229.0,1.0
03.08.2015,31,48,13706,899.0,1.0
03.08.2015,31,42,3458,2599.0,1.0
03.08.2015,31,14,3734,3399.0,1.0
03.08.2015,31,52,14437,169.0,1.0
03.08.2015,31,48,15045,699.0,1.0
03.08.2015,31,25,7856,1199.0,1.0
03.08.2015,31,25,17403,1449.0,1.0
03.08.2015,31,56,11266,49.0,1.0
03.08.2015,31,14,1534,1299.0,1.0
03.08.2015,31,48,14437,169.0,1.0
03.08.2015,31,42,10477,1199.0,1.0
03.08.2015,31,14,3731,1999.0,2.0
03.08.2015,31,42,8845,299.0,1.0
03.08.2015,31,48,15492,549.0,1.0
03.08.2015,31,53,14845,199.0,1.0
03.08.2015,31,53,14846,199.0,1.0
03.08.2015,31,42,7159,349.0,1.0
03.08.2015,31,25,6625,999.0,1.0
03.08.2015,31,48,12021,899.0,1.0
03.08.2015,31,21,11655,1999.0,1.0
03.08.2015,31,52,13041,99.0,1.0
03.08.2015,31,42,9424,449.0,1.0
03.08.2015,31,28,6875,299.0,1.0
03.08.2015,31,21,11684,149.0,1.0
03.08.2015,31,47,16227,499.0,1.0
03.08.2015,31,48,11391,1199.0,1.0
03.08.2015,31,25,6436,999.0,1.0
03.08.2015,31,26,15725,399.0,1.0
03.08.2015,31,28,2813,1499.0,1.0
03.08.2015,31,28,18280,199.0,1.0
03.08.2015,31,48,11575,99.0,1.0
03.08.2015,31,31,12543,199.0,1.0
03.08.2015,31,48,1201,299.0,1.0
03.08.2015,31,25,6426,1499.0,1.0
03.08.2015,31,49,18046,299.0,1.0
03.08.2015,31,49,20615,2149.0,1.0
03.08.2015,31,31,12520,189.0,1.0
03.08.2015,31,28,9246,900.0,2.0
03.08.2015,31,52,16167,799.0,1.0
03.08.2015,31,48,9405,299.0,1.0
03.08.2015,31,50,1865,2499.0,1.0
03.08.2015,31,25,13308,399.0,1.0
03.08.2015,31,31,12533,229.0,1.0
03.08.2015,31,52,16433,298.0,1.0
03.08.2015,31,53,18441,299.0,1.0
03.08.2015,31,50,1523,799.0,1.0
03.08.2015,31,25,17290,329.0,1.0
03.08.2015,31,25,6507,1499.0,2.0
03.08.2015,31,26,15492,549.0,1.0
03.08.2015,31,25,3333,1499.0,1.0
03.08.2015,31,12,11370,805.0,2.0
03.08.2015,31,42,6393,398.0,1.0
03.08.2015,31,46,15291,1099.0,1.0
03.08.2015,31,48,1224,449.0,1.0
03.08.2015,31,56,10457,149.0,1.0
03.08.2015,31,48,7215,1199.0,1.0
03.08.2015,31,48,1377,1299.0,1.0
03.08.2015,31,14,2196,299.0,1.0
03.08.2015,31,53,19040,349.0,1.0
03.08.2015,31,42,19588,399.0,1.0
03.08.2015,31,52,12134,399.0,1.0
03.08.2015,31,51,3424,934.0,2.0
03.08.2015,31,14,1914,249.0,1.0
03.08.2015,31,28,4424,299.0,1.0
03.08.2015,31,53,20949,5.0,2.0
03.08.2015,31,48,7460,299.0,1.0
03.08.2015,31,28,5669,3590.0,1.0
03.08.2015,31,12,11369,1870.0,1.0
03.08.2015,31,56,10908,199.0,1.0
03.08.2015,31,47,14227,99.0,1.0
03.08.2015,31,48,4607,349.0,1.0
03.08.2015,31,59,13703,1499.0,1.0
03.08.2015,31,48,4602,349.0,1.0
03.08.2015,31,47,4870,1299.0,1.0
03.08.2015,31,56,3071,799.0,1.0
03.08.2015,31,28,1538,799.0,1.0
03.08.2015,31,31,2423,1999.0,1.0
03.08.2015,31,21,4583,399.0,1.0
03.08.2015,31,28,4894,3999.0,1.0
03.08.2015,31,42,17290,329.0,2.0
03.08.2015,31,22,18380,199.0,1.0
03.08.2015,31,57,3424,1199.0,1.0
03.08.2015,31,58,20243,199.0,1.0
03.08.2015,31,58,20949,5.0,2.0
03.08.2015,31,42,16721,359.0,1.0
03.08.2015,31,50,3733,4499.0,1.0
03.08.2015,31,50,4479,1199.0,1.0
03.08.2015,31,56,16430,58.0,1.0
03.08.2015,31,56,16622,399.0,1.0
03.08.2015,31,56,16630,349.0,1.0
03.08.2015,31,28,17096,149.0,1.0
03.08.2015,31,42,5272,299.0,1.0
03.08.2015,31,26,20949,5.0,2.0
03.08.2015,31,22,22167,299.0,3.0
03.08.2015,31,26,22162,349.0,1.0
03.08.2015,31,31,11913,449.0,1.0
03.08.2015,31,46,9277,499.0,1.0
03.08.2015,31,42,20829,1899.0,1.0
03.08.2015,31,31,11787,79.0,1.0
03.08.2015,31,25,13268,499.0,1.0
03.08.2015,31,21,22092,179.0,1.0
03.08.2015,31,59,7233,599.0,1.0
03.08.2015,31,46,5825,249.0,1.0
03.08.2015,31,42,16059,499.0,1.0
03.08.2015,31,25,12081,399.0,1.0
03.08.2015,31,15,8296,199.0,1.0
03.08.2015,31,15,9532,399.0,1.0
03.08.2015,31,50,5671,3590.0,1.0
03.08.2015,31,59,1495,499.0,1.0
03.08.2015,31,50,4962,298.0,1.0
03.08.2015,31,15,8607,449.0,1.0
03.08.2015,31,15,7872,28.0,1.0
03.08.2015,31,22,19948,250.0,1.0
03.08.2015,31,31,11595,99.0,1.0
03.08.2015,31,42,16056,799.0,1.0
03.08.2015,31,47,5825,249.0,2.0
03.08.2015,31,31,7712,149.0,1.0
03.08.2015,31,52,7856,1199.0,1.0
03.08.2015,31,50,15686,299.0,1.0
03.08.2015,31,56,17485,299.0,1.0
03.08.2015,31,47,13122,1499.0,1.0
03.08.2015,31,56,17764,149.0,1.0
03.08.2015,31,42,18039,299.0,1.0
03.08.2015,31,25,13104,399.0,1.0
03.08.2015,31,42,18028,299.0,1.0
03.08.2015,31,52,6311,449.0,1.0
03.08.2015,31,31,11403,399.0,1.0
03.08.2015,31,49,9089,229.0,1.0
03.08.2015,31,47,13159,299.0,1.0
03.08.2015,31,25,5837,299.0,1.0
03.08.2015,31,31,7815,5290.0,1.0
03.08.2015,31,59,3732,3399.0,1.0
03.08.2015,31,59,3444,1699.0,1.0
03.08.2015,31,47,4248,1999.0,1.0
03.08.2015,31,59,3446,1799.0,1.0
03.08.2015,31,42,15444,889.0,1.0
03.08.2015,31,47,13240,450.0,1.0
03.08.2015,31,28,4873,1499.0,1.0
03.08.2015,31,56,16677,499.0,1.0
03.08.2015,31,56,16844,599.0,1.0
03.08.2015,31,15,12319,169.0,1.0
03.08.2015,31,59,6628,498.0,1.0
03.08.2015,31,42,16036,499.0,1.0
03.08.2015,31,42,16898,999.0,1.0
03.08.2015,31,58,21676,149.0,1.0
03.08.2015,31,42,17581,399.0,1.0
03.08.2015,31,50,4885,1799.0,1.0
03.08.2015,31,47,5657,5790.0,2.0
03.08.2015,31,47,7172,1499.0,1.0
03.08.2015,31,21,13285,469.0,1.0
03.08.2015,31,50,4894,3999.0,1.0
03.08.2015,31,28,4907,1999.0,1.0
03.08.2015,31,42,7853,549.0,1.0
03.08.2015,31,47,5827,249.0,7.0
03.08.2015,31,15,3731,1999.0,2.0
03.08.2015,31,50,4706,299.0,1.0
03.08.2015,31,21,15402,1129.0,1.0
03.08.2015,31,59,15040,599.0,1.0
03.08.2015,31,42,15041,1999.0,1.0
03.08.2015,31,56,6164,1398.0,1.0
03.08.2015,31,31,11925,599.0,1.0
03.08.2015,31,31,11922,599.0,1.0
03.08.2015,31,25,7085,699.0,1.0
03.08.2015,31,15,18456,229.0,1.0
03.08.2015,31,42,5666,3590.0,1.0
03.08.2015,31,57,2407,149.0,1.0
03.08.2015,31,50,19092,199.0,1.0
03.08.2015,31,56,4701,299.0,1.0
03.08.2015,31,51,1497,1824.0,1.0
03.08.2015,31,42,3141,1180.0,1.0
03.08.2015,31,51,1486,934.0,1.0
03.08.2015,31,59,10210,3499.0,1.0
03.08.2015,31,57,1570,1999.0,1.0
03.08.2015,31,57,1307,349.0,1.0
03.08.2015,31,50,20614,1099.0,1.0
03.08.2015,31,50,19804,199.0,1.0
03.08.2015,31,22,18016,500.0,1.0
03.08.2015,31,59,13837,79.0,1.0
03.08.2015,31,15,15488,1099.0,1.0
03.08.2015,31,21,4717,299.0,1.0
03.08.2015,31,25,7075,1699.0,1.0
03.08.2015,31,47,4389,2599.0,1.0
03.08.2015,31,50,22091,179.0,2.0
03.08.2015,31,22,17481,599.0,1.0
03.08.2015,31,57,2868,999.0,1.0
03.08.2015,31,42,20949,5.0,15.0
03.08.2015,31,28,2035,3499.0,1.0
03.08.2015,31,59,12491,229.0,1.0
03.08.2015,31,50,22088,119.0,2.0
03.08.2015,31,42,17897,479.0,1.0
03.08.2015,31,28,225,249.0,1.0
03.08.2015,31,51,2285,2520.0,1.0
03.08.2015,31,26,22101,1350.0,1.0
03.08.2015,31,50,20404,2399.0,1.0
03.08.2015,31,42,14398,299.0,1.0
03.08.2015,31,42,15040,599.0,1.0
03.08.2015,31,47,5901,1799.0,1.0
03.08.2015,31,47,11159,399.0,1.0
03.08.2015,31,31,11159,399.0,1.0
03.08.2015,31,31,11688,149.0,1.0
03.08.2015,31,46,5900,498.0,1.0
03.08.2015,31,50,15481,1099.0,1.0
03.08.2015,31,47,5829,489.0,4.0
03.08.2015,31,21,10210,3499.0,1.0
03.08.2015,31,42,5833,599.0,1.0
03.08.2015,31,50,20949,5.0,1.0
03.08.2015,31,15,3732,3399.0,1.0
03.08.2015,31,26,18147,169.0,1.0
03.08.2015,31,50,5651,698.0,1.0
03.08.2015,31,56,6867,1549.0,1.0
03.08.2015,31,50,15287,1099.0,1.0
03.08.2015,31,15,8972,149.0,1.0
03.08.2015,31,57,3787,349.0,1.0
03.08.2015,31,57,3901,299.0,1.0
03.08.2015,31,15,8971,99.0,1.0
03.08.2015,31,25,5820,3199.0,1.0
03.08.2015,31,25,5827,249.0,1.0
03.08.2015,31,42,5837,299.0,2.0
03.08.2015,31,57,4063,249.0,1.0
03.08.2015,31,57,3774,299.0,1.0
03.08.2015,31,42,20285,479.0,1.0
03.08.2015,31,50,19985,299.0,1.0
03.08.2015,31,15,4901,2399.0,1.0
03.08.2015,31,57,1465,799.0,1.0
03.08.2015,31,59,5660,1690.0,1.0
03.08.2015,31,15,4885,1799.0,1.0
03.08.2015,31,42,15045,699.0,1.0
03.08.2015,31,15,5271,1199.0,1.0
03.08.2015,31,42,18048,299.0,1.0
03.08.2015,31,57,3633,1599.0,1.0
03.08.2015,31,26,22102,1250.0,1.0
03.08.2015,31,15,16889,49.0,1.0
03.08.2015,31,46,6002,399.0,1.0
03.08.2015,31,50,14830,299.0,1.0
03.08.2015,31,56,7712,149.0,1.0
03.08.2015,31,59,10438,399.0,1.0
03.08.2015,31,42,14829,699.0,1.0
03.08.2015,31,42,14831,1099.0,1.0
03.08.2015,31,25,7459,349.0,1.0
03.08.2015,31,51,5674,294.0,1.0
03.08.2015,31,16,4388,2999.0,1.0
03.08.2015,31,42,5233,1199.0,1.0
03.08.2015,31,42,18641,359.0,1.0
03.08.2015,31,51,21726,75.0,1.0
03.08.2015,31,21,3552,2599.0,1.0
03.08.2015,31,26,16046,499.0,1.0
03.08.2015,31,25,13278,399.0,1.0
03.08.2015,31,28,16826,3499.0,1.0
03.08.2015,31,56,14846,199.0,1.0
03.08.2015,31,53,3731,1999.0,1.0
03.08.2015,31,56,19800,399.0,1.0
03.08.2015,31,52,4870,1299.0,1.0
03.08.2015,31,42,16826,3499.0,1.0
03.08.2015,31,28,5643,2690.0,1.0
03.08.2015,31,42,16626,299.0,1.0
03.08.2015,31,42,15806,699.0,1.0
03.08.2015,31,42,18438,229.0,1.0
03.08.2015,31,42,9994,449.0,1.0
03.08.2015,31,55,2010,49.0,1.0
03.08.2015,31,56,14865,149.0,1.0
03.08.2015,31,55,2282,999.0,1.0
03.08.2015,31,49,13717,229.0,1.0
03.08.2015,31,42,16790,2899.0,1.0
03.08.2015,31,56,18701,199.0,1.0
03.08.2015,31,52,4980,449.0,1.0
03.08.2015,31,15,19742,199.0,1.0
03.08.2015,31,42,18646,299.0,1.0
03.08.2015,31,48,2946,449.0,1.0
03.08.2015,31,56,19024,298.0,1.0
03.08.2015,31,28,5823,2799.0,1.0
03.08.2015,31,53,2423,1999.0,1.0
03.08.2015,31,51,21400,75.0,1.0
03.08.2015,31,48,1565,1799.0,1.0
03.08.2015,31,53,2152,449.0,1.0
03.08.2015,31,56,18393,329.0,1.0
03.08.2015,31,56,20093,299.0,1.0
03.08.2015,31,52,5039,1499.0,1.0
03.08.2015,31,42,5336,299.0,1.0
03.08.2015,31,48,1523,799.0,1.0
03.08.2015,31,56,14900,299.0,1.0
03.08.2015,31,53,3777,349.0,1.0
03.08.2015,31,56,18696,449.0,1.0
03.08.2015,31,53,3688,2299.0,2.0
03.08.2015,31,16,3071,799.0,1.0
03.08.2015,31,16,2285,2999.0,1.0
03.08.2015,31,31,12358,149.0,1.0
03.08.2015,31,42,18361,329.0,1.0
03.08.2015,31,24,2308,199.0,4.0
03.08.2015,31,55,505,99.0,1.0
03.08.2015,31,59,20949,5.0,1.0
03.08.2015,31,52,20202,299.0,1.0
03.08.2015,31,55,506,99.0,1.0
03.08.2015,31,52,19816,749.0,1.0
03.08.2015,31,55,504,99.0,1.0
03.08.2015,31,28,5551,399.0,1.0
03.08.2015,31,51,5660,1397.0,1.0
03.08.2015,31,52,19744,149.0,1.0
03.08.2015,31,52,20544,1999.0,1.0
03.08.2015,31,47,9356,399.0,1.0
03.08.2015,31,21,1876,2599.0,1.0
03.08.2015,31,48,4806,99.0,1.0
03.08.2015,31,59,21440,149.0,1.0
03.08.2015,31,26,18719,49.0,1.0
03.08.2015,31,55,797,250.0,1.0
03.08.2015,31,59,18924,169.0,1.0
03.08.2015,31,42,9832,99.0,1.0
03.08.2015,31,52,4604,449.0,1.0
03.08.2015,31,28,3328,698.0,1.0
03.08.2015,31,25,6311,449.0,1.0
03.08.2015,31,55,2301,1499.0,1.0
03.08.2015,31,56,14643,399.0,1.0
03.08.2015,31,16,3688,2299.0,1.0
03.08.2015,31,55,1789,299.0,1.0
03.08.2015,31,55,1792,419.0,1.0
03.08.2015,31,42,9923,299.0,1.0
03.08.2015,31,21,1817,5999.0,1.0
03.08.2015,31,59,18570,399.0,1.0
03.08.2015,31,28,6507,1499.0,1.0
03.08.2015,31,21,13716,229.0,1.0
03.08.2015,31,25,13407,26990.0,1.0
03.08.2015,31,55,492,600.0,3.0
03.08.2015,31,42,6740,999.0,1.0
03.08.2015,31,48,4049,1799.0,1.0
03.08.2015,31,16,1537,999.0,1.0
03.08.2015,31,28,3424,1199.0,1.0
03.08.2015,31,42,10216,149.0,1.0
03.08.2015,31,49,9356,399.0,1.0
03.08.2015,31,21,2878,3499.0,1.0
03.08.2015,31,59,2445,599.0,1.0
03.08.2015,31,42,17391,99.0,1.0
03.08.2015,31,31,2744,498.0,1.0
03.08.2015,31,42,17421,169.0,1.0
03.08.2015,31,53,4979,299.0,1.0
03.08.2015,31,50,7220,1299.0,1.0
03.08.2015,31,42,15395,699.0,1.0
03.08.2015,31,52,10091,299.0,1.0
03.08.2015,31,42,15481,1099.0,1.0
03.08.2015,31,21,22102,1250.0,1.0
03.08.2015,31,28,4427,299.0,1.0
03.08.2015,31,53,5459,349.0,1.0
03.08.2015,31,28,4806,99.0,1.0
03.08.2015,31,52,8845,299.0,1.0
03.08.2015,31,26,11215,349.0,1.0
03.08.2015,31,16,9923,299.0,1.0
03.08.2015,31,50,6926,199.0,1.0
03.08.2015,31,47,5271,1199.0,1.0
03.08.2015,31,25,5829,489.0,3.0
03.08.2015,31,16,4870,1299.0,1.0
03.08.2015,31,59,3079,299.0,1.0
03.08.2015,31,59,1876,2599.0,1.0
03.08.2015,31,56,15483,549.0,1.0
03.08.2015,31,25,5832,599.0,1.0
03.08.2015,31,59,2047,58.0,1.0
03.08.2015,31,49,10678,1499.0,1.0
03.08.2015,31,21,3445,1999.0,1.0
03.08.2015,31,49,8457,298.0,1.0
03.08.2015,31,52,8550,999.0,1.0
03.08.2015,31,31,13214,659.0,1.0
03.08.2015,31,49,7895,999.0,1.0
03.08.2015,31,26,17717,1000.0,1.0
03.08.2015,31,46,6503,1999.0,2.0
03.08.2015,31,25,5830,549.0,1.0
03.08.2015,31,59,2293,799.0,1.0
03.08.2015,31,56,15490,1149.0,1.0
03.08.2015,31,56,4406,1549.0,1.0
03.08.2015,31,52,8819,799.0,1.0
03.08.2015,31,24,2816,2999.0,1.0
03.08.2015,31,53,4102,349.0,1.0
03.08.2015,31,52,2308,199.0,1.0
03.08.2015,31,25,5671,3590.0,1.0
03.08.2015,31,51,19163,95.0,1.0
03.08.2015,31,56,20949,5.0,2.0
03.08.2015,31,15,21902,49.0,1.0
03.08.2015,31,22,20949,5.0,5.0
03.08.2015,31,48,3446,1799.0,1.0
03.08.2015,31,24,3027,2999.0,1.0
03.08.2015,31,53,5823,2799.0,1.0
03.08.2015,31,56,21656,359.0,1.0
03.08.2015,31,42,19291,999.0,1.0
03.08.2015,31,46,5820,3199.0,1.0
03.08.2015,31,31,7780,298.0,1.0
03.08.2015,31,25,7935,8990.0,1.0
03.08.2015,31,56,21980,249.0,1.0
03.08.2015,31,49,13720,229.0,1.0
03.08.2015,31,42,18494,329.0,1.0
03.08.2015,31,52,2578,349.0,1.0
03.08.2015,31,42,5823,2799.0,1.0
03.08.2015,31,47,7337,299.0,1.0
03.08.2015,31,53,6311,449.0,1.0
03.08.2015,31,28,3445,1999.0,1.0
03.08.2015,31,56,16091,299.0,1.0
03.08.2015,31,56,16121,1499.0,1.0
03.08.2015,31,16,7003,299.0,1.0
03.08.2015,31,16,3733,4499.0,1.0
03.08.2015,31,28,4610,349.0,1.0
03.08.2015,31,52,9054,199.0,1.0
03.08.2015,31,47,8452,2490.0,1.0
03.08.2015,31,59,3719,799.0,2.0
03.08.2015,31,53,4885,1799.0,1.0
03.08.2015,31,47,7834,799.0,1.0
03.08.2015,31,25,12360,299.0,2.0
03.08.2015,31,25,5663,3690.0,1.0
03.08.2015,31,28,16843,599.0,1.0
03.08.2015,31,56,20623,649.0,1.0
03.08.2015,31,51,14643,255.0,1.0
03.08.2015,31,52,1384,198.0,1.0
03.08.2015,31,26,12361,99.0,1.0
03.08.2015,31,52,9410,349.0,1.0
03.08.2015,31,42,6252,299.0,1.0
03.08.2015,31,22,15035,490.0,1.0
03.08.2015,31,25,3832,1299.0,1.0
03.08.2015,31,25,14227,99.0,1.0
03.08.2015,31,57,12955,229.0,1.0
03.08.2015,31,28,10115,399.0,1.0
03.08.2015,31,5,3444,1699.0,1.0
03.08.2015,31,34,3443,1199.0,1.0
03.08.2015,31,31,482,3300.0,1.0
03.08.2015,31,57,13719,229.0,1.0
03.08.2015,31,25,14229,99.0,1.0
03.08.2015,31,10,2049,473.0,1.0
03.08.2015,31,5,3731,1999.0,1.0
03.08.2015,31,57,13720,229.0,1.0
03.08.2015,31,57,12957,229.0,1.0
03.08.2015,31,45,21364,479.0,1.0
03.08.2015,31,10,6768,2090.0,1.0
03.08.2015,31,25,16195,999.0,1.0
03.08.2015,31,57,13716,229.0,1.0
03.08.2015,31,44,18646,299.0,1.0
03.08.2015,31,44,16121,1499.0,1.0
03.08.2015,31,24,9250,1300.0,2.0
03.08.2015,31,24,9246,900.0,1.0
03.08.2015,31,57,12319,169.0,1.0
03.08.2015,31,39,7220,1299.0,1.0
03.08.2015,31,57,12021,899.0,1.0
03.08.2015,31,45,21485,329.0,1.0
03.08.2015,31,4,6497,1499.0,1.0
03.08.2015,31,57,12619,49.0,1.0
03.08.2015,31,4,6738,999.0,1.0
03.08.2015,31,57,13440,29990.0,1.0
03.08.2015,31,39,8839,149.0,1.0
03.08.2015,31,10,486,124.0,1.0
03.08.2015,31,5,5204,1398.0,1.0
03.08.2015,31,34,6162,699.0,1.0
03.08.2015,31,44,19634,299.0,1.0
03.08.2015,31,4,20608,1998.01,1.0
03.08.2015,31,4,20949,5.0,3.0
03.08.2015,31,57,18511,229.0,1.0
03.08.2015,31,57,17980,89.0,1.0
03.08.2015,31,44,19438,1799.0,1.0
03.08.2015,31,35,3688,2299.0,1.0
03.08.2015,31,35,16182,1499.0,1.0
03.08.2015,31,24,5671,3590.0,1.0
03.08.2015,31,24,5669,3590.0,1.0
03.08.2015,31,25,16247,899.0,1.0
03.08.2015,31,5,2779,1699.0,1.0
03.08.2015,31,57,18322,199.0,1.0
03.08.2015,31,6,19290,999.0,1.0
03.08.2015,31,57,18326,229.0,1.0
03.08.2015,31,24,5659,849.0,1.0
03.08.2015,31,25,10207,1199.0,1.0
03.08.2015,31,57,18147,169.0,1.0
03.08.2015,31,57,18191,329.0,1.0
03.08.2015,31,57,18192,329.0,1.0
03.08.2015,31,5,4052,1999.0,1.0
03.08.2015,31,31,486,300.0,2.0
03.08.2015,31,5,4233,899.0,1.0
03.08.2015,31,34,2308,199.0,2.0
03.08.2015,31,31,5657,5790.0,1.0
03.08.2015,31,5,4706,299.0,1.0
03.08.2015,31,44,18208,249.0,1.0
03.08.2015,31,57,18484,199.0,1.0
03.08.2015,31,26,11113,399.0,1.0
03.08.2015,31,24,8417,169.0,1.0
03.08.2015,31,46,2297,2499.0,1.0
03.08.2015,31,4,15481,1098.01,1.0
03.08.2015,31,57,14436,169.0,1.0
03.08.2015,31,12,5654,1390.0,1.0
03.08.2015,31,57,14457,169.0,2.0
03.08.2015,31,28,9409,349.0,1.0
03.08.2015,31,57,14430,169.0,1.0
03.08.2015,31,57,14432,99.0,1.0
03.08.2015,31,5,16790,2899.0,1.0
03.08.2015,31,5,16825,2299.0,1.0
03.08.2015,31,24,7657,349.0,1.0
03.08.2015,31,5,16206,799.0,1.0
03.08.2015,31,38,5037,1499.0,1.0
03.08.2015,31,42,3708,899.0,1.0
03.08.2015,31,5,17898,799.0,1.0
03.08.2015,31,5,17374,199.0,1.0
03.08.2015,31,31,14019,149.0,1.0
03.08.2015,31,26,5822,1149.0,1.0
03.08.2015,31,5,17306,49.0,1.0
03.08.2015,31,5,17717,1199.0,1.0
03.08.2015,31,5,14659,199.0,1.0
03.08.2015,31,12,6252,299.0,1.0
03.08.2015,31,12,6394,2399.0,1.0
03.08.2015,31,46,1557,1999.0,1.0
03.08.2015,31,38,7172,1499.0,1.0
03.08.2015,31,5,14147,299.0,1.0
03.08.2015,31,42,11926,1199.0,1.0
03.08.2015,31,57,14437,169.0,2.0
03.08.2015,31,45,22104,249.0,1.0
03.08.2015,31,4,15346,0.99,1.0
03.08.2015,31,39,13363,299.0,1.0
03.08.2015,31,25,15784,149.0,1.0
03.08.2015,31,35,16045,2499.0,1.0
03.08.2015,31,24,13717,229.0,1.0
03.08.2015,31,4,8528,850.0,1.0
03.08.2015,31,12,5380,3490.0,1.0
03.08.2015,31,4,18028,299.0,1.0
03.08.2015,31,4,16147,598.01,1.0
03.08.2015,31,4,18031,299.0,1.0
03.08.2015,31,44,14477,499.0,1.0
03.08.2015,31,46,1881,3599.0,1.0
03.08.2015,31,12,7020,499.0,1.0
03.08.2015,31,57,14255,199.0,1.0
03.08.2015,31,4,18380,199.0,1.0
03.08.2015,31,12,6766,198.0,1.0
03.08.2015,31,57,13903,229.0,1.0
03.08.2015,31,39,16130,399.0,1.0
03.08.2015,31,25,20882,899.0,1.0
03.08.2015,31,57,14227,99.0,1.0
03.08.2015,31,28,9404,299.0,1.0
03.08.2015,31,57,14308,169.0,1.0
03.08.2015,31,4,13721,229.0,1.0
03.08.2015,31,4,13722,229.0,1.0
03.08.2015,31,39,13888,399.0,1.0
03.08.2015,31,57,14447,399.0,1.0
03.08.2015,31,4,15334,0.99,1.0
03.08.2015,31,12,5675,249.0,2.0
03.08.2015,31,12,5666,3590.0,1.0
03.08.2015,31,4,15345,0.99,1.0
03.08.2015,31,34,5822,1149.0,1.0
03.08.2015,31,6,17400,169.0,1.0
03.08.2015,31,5,2614,299.0,1.0
03.08.2015,31,25,4085,499.0,1.0
03.08.2015,31,35,4874,1279.0,1.0
03.08.2015,31,31,15284,1099.0,1.0
03.08.2015,31,46,2753,299.0,1.0
03.08.2015,31,25,4084,499.0,1.0
03.08.2015,31,57,7534,299.0,1.0
03.08.2015,31,6,18699,199.0,1.0
03.08.2015,31,19,1809,349.0,1.0
03.08.2015,31,26,1565,1799.0,1.0
03.08.2015,31,31,22154,299.0,1.0
03.08.2015,31,3,8702,349.0,1.0
03.08.2015,31,57,6202,449.0,1.0
03.08.2015,31,57,6226,229.0,1.0
03.08.2015,31,57,6234,299.0,1.0
03.08.2015,31,18,9394,299.0,1.0
03.08.2015,31,6,18833,49.0,1.0
03.08.2015,31,34,1077,299.0,1.0
03.08.2015,31,57,6926,199.0,1.0
03.08.2015,31,25,4351,399.0,1.0
03.08.2015,31,18,10346,299.0,1.0
03.08.2015,31,18,10349,299.0,1.0
03.08.2015,31,18,10342,299.0,1.0
03.08.2015,31,18,10339,299.0,1.0
03.08.2015,31,46,2862,999.0,1.0
03.08.2015,31,18,10333,299.0,1.0
03.08.2015,31,35,3286,349.0,1.0
03.08.2015,31,31,21767,79.0,1.0
03.08.2015,31,10,16004,409.0,1.0
03.08.2015,31,25,4247,1999.0,1.0
03.08.2015,31,6,18688,199.0,1.0
03.08.2015,31,19,3617,299.0,1.0
03.08.2015,31,25,3688,2299.0,1.0
03.08.2015,31,18,18456,229.0,1.0
03.08.2015,31,28,10943,229.0,1.0
03.08.2015,31,57,4334,498.0,1.0
03.08.2015,31,25,16525,399.0,1.0
03.08.2015,31,57,4385,599.0,1.0
03.08.2015,31,35,22102,1250.0,1.0
03.08.2015,31,57,4085,499.0,1.0
03.08.2015,31,6,8093,899.0,1.0
03.08.2015,31,6,18669,199.0,1.0
03.08.2015,31,26,2975,2199.0,1.0
03.08.2015,31,57,4387,2599.0,1.0
03.08.2015,31,35,4102,349.0,1.0
03.08.2015,31,46,14957,299.0,1.0
03.08.2015,31,31,3342,2499.0,1.0
03.08.2015,31,31,15507,799.0,2.0
03.08.2015,31,19,3424,1199.0,1.0
03.08.2015,31,31,22058,129.0,1.0
03.08.2015,31,6,7856,1199.0,1.0
03.08.2015,31,19,3076,1199.0,1.0
03.08.2015,31,44,16639,299.0,1.0
03.08.2015,31,57,7202,199.0,1.0
03.08.2015,31,31,21968,949.0,1.0
03.08.2015,31,57,7856,1199.0,1.0
03.08.2015,31,46,3446,1799.0,1.0
03.08.2015,31,19,3732,3399.0,1.0
03.08.2015,31,19,3733,4499.0,1.0
03.08.2015,31,19,3343,1499.0,1.0
03.08.2015,31,18,10336,299.0,1.0
03.08.2015,31,57,16748,79.0,1.0
03.08.2015,31,18,10327,299.0,1.0
03.08.2015,31,25,16898,999.0,1.0
03.08.2015,31,34,4895,3999.0,1.0
03.08.2015,31,35,17046,399.0,1.0
03.08.2015,31,46,16169,299.0,1.0
03.08.2015,31,10,17290,260.0,1.0
03.08.2015,31,57,18456,229.0,2.0
03.08.2015,31,18,11106,229.0,1.0
03.08.2015,31,57,18479,229.0,1.0
03.08.2015,31,31,1486,1199.0,1.0
03.08.2015,31,18,13505,1099.0,1.0
03.08.2015,31,57,18438,229.0,1.0
03.08.2015,31,34,6503,1999.0,1.0
03.08.2015,31,24,6503,1999.0,1.0
03.08.2015,31,57,18543,199.0,1.0
03.08.2015,31,5,1876,2599.0,1.0
03.08.2015,31,24,7003,299.0,1.0
03.08.2015,31,5,1572,799.0,1.0
03.08.2015,31,25,14223,299.0,1.0
03.08.2015,31,57,18680,199.0,1.0
03.08.2015,31,57,18734,299.0,1.0
03.08.2015,31,31,15309,1299.0,1.0
03.08.2015,31,5,2429,1199.0,1.0
03.08.2015,31,35,16639,299.0,1.0
03.08.2015,31,31,5675,249.0,1.0
03.08.2015,31,5,1761,299.0,1.0
03.08.2015,31,57,18480,349.0,1.0
03.08.2015,31,5,2041,2099.0,1.0
03.08.2015,31,18,16182,1499.0,1.0
03.08.2015,31,35,3446,1799.0,1.0
03.08.2015,31,26,2081,1549.0,1.0
03.08.2015,31,6,19440,1799.0,1.0
03.08.2015,31,18,10330,299.0,1.0
03.08.2015,31,57,16899,679.0,1.0
03.08.2015,31,26,1537,999.0,1.0
03.08.2015,31,25,10209,1499.0,1.0
03.08.2015,31,31,21440,149.0,3.0
03.08.2015,31,57,16587,169.0,2.0
03.08.2015,31,10,9923,200.0,1.0
03.08.2015,31,57,17400,169.0,1.0
03.08.2015,31,31,21669,149.0,1.0
03.08.2015,31,25,3840,1299.0,1.0
03.08.2015,31,57,17290,329.0,1.0
03.08.2015,31,57,16790,2899.0,1.0
03.08.2015,31,10,11113,255.0,1.0
03.08.2015,31,35,4904,399.0,1.0
03.08.2015,31,25,14102,749.0,1.0
03.08.2015,31,44,16195,999.0,1.0
03.08.2015,31,44,16205,359.0,1.0
03.08.2015,31,25,4244,1299.0,1.0
03.08.2015,31,18,15491,399.0,1.0
03.08.2015,31,57,16167,799.0,1.0
03.08.2015,31,44,16206,799.0,1.0
03.08.2015,31,10,11655,1296.0,1.0
03.08.2015,31,44,16227,498.01,1.0
03.08.2015,31,18,15239,499.0,1.0
03.08.2015,31,26,1814,3599.0,2.0
03.08.2015,31,57,16153,599.0,1.0
03.08.2015,31,46,4478,1199.0,1.0
03.08.2015,31,28,11811,1199.0,1.0
03.08.2015,31,31,21445,99.0,1.0
03.08.2015,31,19,1495,499.0,1.0
03.08.2015,31,26,5469,2599.0,1.0
03.08.2015,31,5,15323,499.0,1.0
03.08.2015,31,31,15087,1299.0,1.0
03.08.2015,31,24,18008,499.0,1.0
03.08.2015,31,2,3735,4499.0,1.0
03.08.2015,31,2,4456,1798.0,1.0
03.08.2015,31,24,16488,169.0,1.0
03.08.2015,31,25,11694,299.0,1.0
03.08.2015,31,37,2422,1199.0,1.0
03.08.2015,31,26,10551,299.0,1.0
03.08.2015,31,24,15740,199.0,1.0
03.08.2015,31,4,2039,498.0,1.0
03.08.2015,31,41,17242,99.0,1.0
03.08.2015,31,46,12319,169.0,1.0
03.08.2015,31,46,11694,238.8,1.0
03.08.2015,31,28,15052,4199.0,1.0
03.08.2015,31,3,18028,299.0,1.0
03.08.2015,31,3,19692,169.0,1.0
03.08.2015,31,7,20949,5.0,2.0
03.08.2015,31,38,3243,999.0,1.0
03.08.2015,31,38,3236,1998.0,1.0
03.08.2015,31,38,3072,3499.0,1.0
03.08.2015,31,3,20630,2399.0,1.0
03.08.2015,31,44,4478,1199.0,1.0
03.08.2015,31,3,20949,5.0,3.0
03.08.2015,31,42,3967,299.0,1.0
03.08.2015,31,7,20269,169.0,1.0
03.08.2015,31,31,13888,399.0,1.0
03.08.2015,31,38,1384,198.0,1.0
03.08.2015,31,31,13976,299.0,1.0
03.08.2015,31,4,5657,5790.0,1.0
03.08.2015,31,38,2808,1499.0,1.0
03.08.2015,31,42,3934,1998.0,1.0
03.08.2015,31,37,2308,199.0,1.0
03.08.2015,31,2,1469,1199.0,1.0
03.08.2015,31,7,7834,799.0,1.0
03.08.2015,31,31,4706,299.0,1.0
03.08.2015,31,25,11159,399.0,2.0
03.08.2015,31,7,6183,1999.0,1.0
03.08.2015,31,31,1538,799.0,1.0
03.08.2015,31,26,9923,299.0,1.0
03.08.2015,31,2,4894,3999.0,1.0
03.08.2015,31,45,3862,139.0,1.0
03.08.2015,31,28,14227,99.0,1.0
03.08.2015,31,37,2461,499.0,1.0
03.08.2015,31,7,6675,26990.0,1.0
03.08.2015,31,31,13718,229.0,1.0
03.08.2015,31,28,15048,1499.0,1.0
03.08.2015,31,24,10389,399.0,1.0
03.08.2015,31,2,6503,1999.0,1.0
03.08.2015,31,44,2753,299.0,2.0
03.08.2015,31,37,2470,299.0,1.0
03.08.2015,31,26,10115,399.0,1.0
03.08.2015,31,37,13460,1099.0,1.0
03.08.2015,31,24,11921,599.0,1.0
03.08.2015,31,7,18479,229.0,1.0
03.08.2015,31,2,3731,1999.0,1.0
03.08.2015,31,41,10207,1199.0,1.0
03.08.2015,31,24,12032,79.0,1.0
03.08.2015,31,7,18052,299.0,1.0
03.08.2015,31,38,2813,1499.0,1.0
03.08.2015,31,25,11593,299.0,1.0
03.08.2015,31,4,4706,299.0,1.0
03.08.2015,31,37,20949,5.0,2.0
03.08.2015,31,3,2817,2998.0,1.0
03.08.2015,31,41,15844,399.0,1.0
03.08.2015,31,31,13542,4999.0,1.0
03.08.2015,31,44,3479,1499.0,1.0
03.08.2015,31,7,16234,399.0,1.0
03.08.2015,31,31,12797,229.0,1.0
03.08.2015,31,3,13370,299.0,1.0
03.08.2015,31,3,13381,299.0,1.0
03.08.2015,31,3,13385,299.0,1.0
03.08.2015,31,3,11207,399.0,1.0
03.08.2015,31,7,16898,999.0,1.0
03.08.2015,31,7,16843,599.0,2.0
03.08.2015,31,45,806,249.0,1.0
03.08.2015,31,7,16534,89.0,1.0
03.08.2015,31,31,13716,229.0,1.0
03.08.2015,31,26,8544,1400.0,1.0
03.08.2015,31,39,19005,169.0,1.0
03.08.2015,31,39,18456,229.0,1.0
03.08.2015,31,41,33,199.0,1.0
03.08.2015,31,3,7075,1699.0,1.0
03.08.2015,31,39,20571,799.0,1.0
03.08.2015,31,28,13210,329.0,1.0
03.08.2015,31,26,8839,149.0,2.0
03.08.2015,31,41,983,169.0,1.0
03.08.2015,31,7,15552,999.0,1.0
03.08.2015,31,3,7931,298.0,1.0
03.08.2015,31,37,4181,1190.0,1.0
03.08.2015,31,41,13721,229.0,1.0
03.08.2015,31,31,15050,1199.0,1.0
03.08.2015,31,3,3444,1699.0,1.0
03.08.2015,31,46,22088,119.0,2.0
03.08.2015,31,31,1564,1699.0,2.0
03.08.2015,31,44,5509,299.0,1.0
03.08.2015,31,4,3732,3399.0,2.0
03.08.2015,31,44,5380,3490.0,1.0
03.08.2015,31,7,20265,169.0,1.0
03.08.2015,31,7,20259,149.0,1.0
03.08.2015,31,26,9250,1300.0,1.0
03.08.2015,31,4,3341,1499.0,1.0
03.08.2015,31,44,4706,299.0,1.0
03.08.2015,31,7,20243,199.0,1.0
03.08.2015,31,28,14831,1099.0,1.0
03.08.2015,31,38,1816,5999.0,1.0
03.08.2015,31,28,14822,1099.0,1.0
03.08.2015,31,25,70,349.0,1.0
03.08.2015,31,44,3341,1499.0,1.0
03.08.2015,31,3,3731,1999.0,1.0
03.08.2015,31,26,3446,1799.0,1.0
03.08.2015,31,41,3479,1499.0,1.0
03.08.2015,31,7,15493,629.0,1.0
03.08.2015,31,31,12899,399.0,1.0
03.08.2015,31,44,3444,1699.0,1.0
03.08.2015,31,26,7780,298.0,1.0
03.08.2015,31,28,13827,169.0,1.0
03.08.2015,31,3,2152,449.0,1.0
03.08.2015,31,44,3992,299.0,1.0
03.08.2015,31,3,1814,3599.0,1.0
03.08.2015,31,44,3901,299.0,1.0
03.08.2015,31,31,1563,1199.0,1.0
03.08.2015,31,37,16528,28.0,1.0
03.08.2015,31,37,16556,99.0,1.0
03.08.2015,31,31,13818,299.0,1.0
03.08.2015,31,35,5822,1149.0,1.0
03.08.2015,31,38,14313,229.0,1.0
03.08.2015,31,38,18200,399.0,1.0
03.08.2015,31,26,5643,2690.0,1.0
03.08.2015,31,38,18320,229.0,1.0
03.08.2015,31,5,20613,1099.0,1.0
03.08.2015,31,38,15068,299.0,1.0
03.08.2015,31,12,3076,1199.0,1.0
03.08.2015,31,38,13505,1099.0,1.0
03.08.2015,31,5,7020,499.0,1.0
03.08.2015,31,5,7805,498.0,1.0
03.08.2015,31,44,6436,999.0,1.0
03.08.2015,31,5,8615,199.0,1.0
03.08.2015,31,5,8625,129.0,1.0
03.08.2015,31,5,8012,299.0,1.0
03.08.2015,31,38,18456,229.0,2.0
03.08.2015,31,5,8482,349.0,1.0
03.08.2015,31,12,2867,999.0,1.0
03.08.2015,31,38,18106,3799.0,1.0
03.08.2015,31,7,4894,3999.0,1.0
03.08.2015,31,5,5838,499.0,1.0
03.08.2015,31,31,16130,399.0,1.0
03.08.2015,31,38,16116,659.0,1.0
03.08.2015,31,5,5822,1149.0,2.0
03.08.2015,31,38,16056,799.0,1.0
03.08.2015,31,24,15498,829.0,1.0
03.08.2015,31,31,1465,799.0,1.0
03.08.2015,31,25,10513,1499.0,1.0
03.08.2015,31,39,2431,1999.0,1.0
03.08.2015,31,44,8839,149.0,1.0
03.08.2015,31,44,7308,349.0,1.0
03.08.2015,31,5,16167,799.0,1.0
03.08.2015,31,26,5506,2599.0,1.0
03.08.2015,31,38,6185,499.0,1.0
03.08.2015,31,38,6503,1999.0,1.0
03.08.2015,31,31,16247,899.0,1.0
03.08.2015,31,5,16056,799.0,1.0
03.08.2015,31,25,20949,5.0,18.0
03.08.2015,31,44,15498,829.0,1.0
03.08.2015,31,31,15633,399.0,1.0
03.08.2015,31,31,14127,699.0,1.0
03.08.2015,31,6,1384,198.0,1.0
03.08.2015,31,31,14041,59.0,1.0
03.08.2015,31,42,3688,2299.0,1.0
03.08.2015,31,38,3934,1998.0,1.0
03.08.2015,31,35,5823,2799.0,1.0
03.08.2015,31,38,3731,1999.0,1.0
03.08.2015,31,6,1571,999.0,1.0
03.08.2015,31,6,1466,999.0,1.0
03.08.2015,31,46,13216,399.0,1.0
03.08.2015,31,38,20286,799.0,1.0
03.08.2015,31,38,18496,229.0,1.0
03.08.2015,31,12,3731,1999.0,4.0
03.08.2015,31,31,15989,499.0,1.0
03.08.2015,31,44,7791,1799.0,1.0
03.08.2015,31,24,3719,799.0,1.0
03.08.2015,31,44,7534,299.0,1.0
03.08.2015,31,24,3676,1299.0,1.0
03.08.2015,31,44,8871,549.0,1.0
03.08.2015,31,44,15346,0.99,1.0
03.08.2015,31,28,10298,169.0,1.0
03.08.2015,31,38,15858,439.0,1.0
03.08.2015,31,38,3342,2499.0,1.0
03.08.2015,31,31,1466,999.0,1.0
03.08.2015,31,2,7893,2490.0,1.0
03.08.2015,31,46,13217,399.0,1.0
03.08.2015,31,2,20949,5.0,1.0
03.08.2015,31,31,5240,799.0,1.0
03.08.2015,31,44,9165,299.0,1.0
03.08.2015,31,7,6082,1199.0,1.0
03.08.2015,31,41,10439,169.0,1.0
03.08.2015,31,2,20609,1099.0,1.0
03.08.2015,31,24,10391,229.0,1.0
03.08.2015,31,37,15240,599.0,1.0
03.08.2015,31,37,13889,229.0,1.0
03.08.2015,31,37,15226,1099.0,1.0
03.08.2015,31,3,806,249.0,1.0
03.08.2015,31,25,12552,199.0,1.0
03.08.2015,31,3,1389,1598.0,1.0
03.08.2015,31,25,11069,399.0,1.0
03.08.2015,31,37,18479,229.0,1.0
03.08.2015,31,2,15496,499.0,1.0
03.08.2015,31,31,13056,169.0,2.0
03.08.2015,31,7,5336,299.0,1.0
03.08.2015,31,37,19581,148.0,1.0
03.08.2015,31,2,18884,59.0,1.0
03.08.2015,31,25,10149,4899.0,1.0
03.08.2015,31,31,14476,299.0,1.0
03.08.2015,31,2,2286,2599.0,1.0
03.08.2015,31,24,10998,169.0,1.0
03.08.2015,31,25,8570,499.0,1.0
03.08.2015,31,38,10300,299.0,1.0
03.08.2015,31,42,4045,299.0,1.0
03.08.2015,31,7,10210,3499.0,1.0
03.08.2015,31,39,4244,1299.0,1.0
03.08.2015,31,44,7070,349.0,1.0
03.08.2015,31,24,14458,299.0,1.0
03.08.2015,31,5,8077,49.0,1.0
03.08.2015,31,44,6503,1999.0,1.0
03.08.2015,31,7,8778,169.0,1.0
03.08.2015,31,24,14658,99.0,1.0
03.08.2015,31,7,8672,169.0,1.0
03.08.2015,31,7,11968,149.0,1.0
03.08.2015,31,25,10659,999.0,1.0
03.08.2015,31,28,13505,1099.0,1.0
03.08.2015,31,38,9250,1300.0,2.0
03.08.2015,31,5,14446,169.0,1.0
03.08.2015,31,46,12134,399.0,1.0
03.08.2015,31,38,7836,1599.0,1.0
03.08.2015,31,37,3446,1799.0,1.0
03.08.2015,31,44,8065,399.0,1.0
03.08.2015,31,46,12551,199.0,1.0
03.08.2015,31,7,10830,299.0,1.0
03.08.2015,31,5,10298,169.0,1.0
03.08.2015,31,44,11160,699.0,1.0
03.08.2015,31,2,12514,449.0,1.0
03.08.2015,31,31,16115,659.0,1.0
03.08.2015,31,7,11160,699.0,1.0
03.08.2015,31,2,14227,99.0,1.0
03.08.2015,31,44,13162,299.0,1.0
03.08.2015,31,37,3731,1999.0,1.0
03.08.2015,31,44,11185,399.0,1.0
03.08.2015,31,28,11189,799.0,1.0
03.08.2015,31,3,8452,2490.0,1.0
03.08.2015,31,35,1814,3419.0,1.0
03.08.2015,31,31,8871,549.0,1.0
03.08.2015,31,19,6185,499.0,1.0
03.08.2015,31,7,1816,5999.0,1.0
03.08.2015,31,6,4385,599.0,1.0
03.08.2015,31,57,18882,79.0,1.0
03.08.2015,31,57,18884,59.0,1.0
03.08.2015,31,19,4181,1190.0,1.0
03.08.2015,31,25,1814,3599.0,1.0
03.08.2015,31,25,16090,449.0,1.0
03.08.2015,31,58,1916,249.0,1.0
03.08.2015,31,31,17301,99.0,1.0
03.08.2015,31,6,4806,99.0,1.0
03.08.2015,31,31,8754,149.0,1.0
03.08.2015,31,25,14663,229.0,1.0
03.08.2015,31,6,20949,5.0,4.0
03.08.2015,31,6,4240,1299.0,1.0
03.08.2015,31,6,3871,999.0,1.0
03.08.2015,31,31,16844,599.0,1.0
03.08.2015,31,25,4870,1299.0,1.0
03.08.2015,31,28,20827,1399.0,1.0
03.08.2015,31,22,9250,1300.0,2.0
03.08.2015,31,35,10209,1499.0,1.0
03.08.2015,31,31,16898,999.0,1.0
03.08.2015,31,57,22164,699.0,1.0
03.08.2015,31,22,9462,379.0,2.0
03.08.2015,31,57,19058,169.0,1.0
03.08.2015,31,45,15031,490.0,1.0
03.08.2015,31,57,20285,479.0,1.0
03.08.2015,31,42,1876,2599.0,1.0
03.08.2015,31,19,16985,199.0,1.0
03.08.2015,31,42,12752,499.0,1.0
03.08.2015,31,19,15260,549.0,1.0
03.08.2015,31,58,6185,499.0,1.0
03.08.2015,31,7,1307,349.0,1.0
03.08.2015,31,58,6376,298.0,1.0
03.08.2015,31,31,9409,349.0,1.0
03.08.2015,31,58,6270,98.0,1.0
03.08.2015,31,47,2308,199.0,2.0
03.08.2015,31,28,16089,449.0,1.0
03.08.2015,31,58,6476,249.0,1.0
03.08.2015,31,6,20463,1999.0,1.0
03.08.2015,31,25,12021,899.0,1.0
03.08.2015,31,31,6082,1199.0,1.0
03.08.2015,31,58,5319,299.0,1.0
03.08.2015,31,28,16138,679.0,1.0
03.08.2015,31,28,16140,799.0,1.0
03.08.2015,31,19,16056,799.0,1.0
03.08.2015,31,7,1916,249.0,1.0
03.08.2015,31,57,20949,5.0,3.0
03.08.2015,31,7,1569,1999.0,2.0
03.08.2015,31,57,20909,849.0,1.0
03.08.2015,31,19,5666,3590.0,1.0
03.08.2015,31,28,20949,5.0,5.0
03.08.2015,31,7,1878,2599.0,1.0
03.08.2015,31,19,5822,1149.0,1.0
03.08.2015,31,58,1247,299.0,1.0
03.08.2015,31,28,20271,169.0,1.0
03.08.2015,31,28,20270,169.0,1.0
03.08.2015,31,58,13837,79.0,1.0
03.08.2015,31,58,14711,699.0,1.0
03.08.2015,31,31,5945,349.0,1.0
03.08.2015,31,58,14458,299.0,1.0
03.08.2015,31,31,5946,349.0,1.0
03.08.2015,31,22,11924,3799.0,1.0
03.08.2015,31,58,14430,169.0,1.0
03.08.2015,31,25,16167,799.0,1.0
03.08.2015,31,31,18185,299.0,1.0
03.08.2015,31,6,19908,249.0,1.0
03.08.2015,31,45,13881,599.0,1.0
03.08.2015,31,58,18714,149.0,1.0
03.08.2015,31,22,13363,299.0,1.0
03.08.2015,31,58,17987,99.0,1.0
03.08.2015,31,22,13370,299.0,2.0
03.08.2015,31,22,13387,299.0,1.0
03.08.2015,31,22,13374,299.0,1.0
03.08.2015,31,22,12500,449.0,1.0
03.08.2015,31,31,18571,999.0,1.0
03.08.2015,31,31,18476,99.0,1.0
03.08.2015,31,31,18378,199.0,1.0
03.08.2015,31,22,12524,449.0,1.0
03.08.2015,31,31,6226,229.0,1.0
03.08.2015,31,22,13177,399.0,1.0
03.08.2015,31,31,18479,229.0,1.0
03.08.2015,31,48,16012,1299.0,2.0
03.08.2015,31,31,18129,329.0,1.0
03.08.2015,31,58,14227,99.0,1.0
03.08.2015,31,22,15281,1099.0,1.0
03.08.2015,31,57,22013,99.0,1.0
03.08.2015,31,31,10944,199.0,1.0
03.08.2015,31,28,20265,169.0,1.0
03.08.2015,31,22,10209,1499.0,2.0
03.08.2015,31,28,20825,1399.0,1.0
03.08.2015,31,31,10298,169.0,1.0
03.08.2015,31,25,4806,99.0,1.0
03.08.2015,31,6,3731,1999.0,2.0
03.08.2015,31,58,15521,599.0,1.0
03.08.2015,31,31,16733,199.0,1.0
03.08.2015,31,6,3935,2099.0,1.0
03.08.2015,31,58,15266,699.0,1.0
03.08.2015,31,19,16784,599.0,1.0
03.08.2015,31,57,5672,3590.0,1.0
03.08.2015,31,22,7834,799.0,1.0
03.08.2015,31,6,4885,1799.0,1.0
03.08.2015,31,28,20823,1399.0,1.0
03.08.2015,31,31,16573,399.0,1.0
03.08.2015,31,6,5823,2799.0,1.0
03.08.2015,31,28,20821,1399.0,1.0
03.08.2015,31,6,5822,1149.0,1.0
03.08.2015,31,25,4894,3999.0,1.0
03.08.2015,31,31,4084,499.0,1.0
03.08.2015,31,35,21624,299.0,1.0
03.08.2015,31,25,14751,399.0,1.0
03.08.2015,31,26,1465,799.0,1.0
03.08.2015,31,25,4573,349.0,1.0
03.08.2015,31,19,20949,5.0,2.0
03.08.2015,31,42,13716,229.0,1.0
03.08.2015,31,58,6062,1199.0,1.0
03.08.2015,31,25,3071,799.0,1.0
03.08.2015,31,31,19970,3199.0,1.0
03.08.2015,31,15,1686,349.0,1.0
03.08.2015,31,15,2921,449.0,1.0
03.08.2015,31,28,16028,999.0,1.0
03.08.2015,31,31,8429,1199.0,1.0
03.08.2015,31,6,15495,399.0,1.0
03.08.2015,31,15,1384,198.0,1.0
03.08.2015,31,6,15346,0.99,1.0
03.08.2015,31,6,15296,1059.0,1.0
03.08.2015,31,31,8573,399.0,1.0
03.08.2015,31,55,7822,10529.0,1.0
03.08.2015,31,14,6108,98.0,1.0
03.08.2015,31,14,6185,499.0,1.0
03.08.2015,31,31,19440,1799.0,1.0
03.08.2015,31,55,7966,2599.0,3.0
03.08.2015,31,31,18980,99.0,1.0
03.08.2015,31,31,10210,3499.0,1.0
03.08.2015,31,31,20949,5.0,15.0
03.08.2015,31,14,4415,1549.0,1.0
03.08.2015,31,46,18623,314.0,1.0
03.08.2015,31,7,2878,3499.0,1.0
03.08.2015,31,7,2859,299.0,1.0
03.08.2015,31,42,13970,49.0,1.0
03.08.2015,31,46,19688,239.2,1.0
03.08.2015,31,28,16035,499.0,1.0
03.08.2015,31,55,9251,1300.0,9.0
03.08.2015,31,15,1741,349.0,1.0
03.08.2015,31,15,2047,58.0,1.0
03.08.2015,31,55,13097,1000.0,2.0
03.08.2015,31,46,16057,619.0,1.0
03.08.2015,31,14,20949,5.0,1.0
03.08.2015,31,55,11272,499.0,1.0
03.08.2015,31,31,12478,1749.0,1.0
03.08.2015,31,31,13122,1499.0,1.0
03.08.2015,31,25,3234,298.0,1.0
03.08.2015,31,6,16167,798.01,1.0
03.08.2015,31,28,15850,1159.0,1.0
03.08.2015,31,6,16160,1999.0,1.0
03.08.2015,31,14,14400,299.0,1.0
03.08.2015,31,14,13869,349.0,1.0
03.08.2015,31,25,17581,399.0,1.0
03.08.2015,31,31,19093,299.0,1.0
03.08.2015,31,25,18030,299.0,1.0
03.08.2015,31,14,15239,499.0,1.0
03.08.2015,31,31,18625,399.0,1.0
03.08.2015,31,55,13570,399.0,1.0
03.08.2015,31,25,18039,299.0,1.0
03.08.2015,31,31,9795,169.0,1.0
03.08.2015,31,55,19282,149.0,1.0
03.08.2015,31,55,19288,500.0,1.0
03.08.2015,31,28,15858,439.0,1.0
03.08.2015,31,25,18025,299.0,1.0
03.08.2015,31,25,18027,299.0,1.0
03.08.2015,31,47,3733,4499.0,1.0
03.08.2015,31,31,3732,3399.0,1.0
03.08.2015,31,28,15494,799.0,1.0
03.08.2015,31,25,20195,720.0,1.0
03.08.2015,31,19,13717,229.0,1.0
03.08.2015,31,47,1570,1999.0,1.0
03.08.2015,31,25,20569,799.0,1.0
03.08.2015,31,19,14957,299.0,1.0
03.08.2015,31,58,3007,1990.0,1.0
03.08.2015,31,31,4085,499.0,1.0
03.08.2015,31,47,829,3300.0,1.0
03.08.2015,31,19,11811,1199.0,1.0
03.08.2015,31,6,13900,1349.0,1.0
03.08.2015,31,7,3688,2299.0,1.0
03.08.2015,31,46,14550,149.0,1.0
03.08.2015,31,42,22104,249.0,2.0
03.08.2015,31,6,13904,1349.0,1.0
03.08.2015,31,25,8898,499.0,1.0
03.08.2015,31,31,4884,299.0,1.0
03.08.2015,31,31,19163,169.0,1.0
03.08.2015,31,31,4365,1399.0,1.0
03.08.2015,31,42,12970,229.0,1.0
03.08.2015,31,58,3158,1290.0,1.0
03.08.2015,31,31,17261,359.0,1.0
03.08.2015,31,58,3234,298.0,1.0
03.08.2015,31,6,21440,149.0,1.0
03.08.2015,31,42,22102,1250.0,1.0
03.08.2015,31,47,831,4600.0,-1.0
03.08.2015,31,19,17717,10529.0,1.0
03.08.2015,31,25,20537,1399.0,1.0
03.08.2015,31,47,1814,3599.0,1.0
03.08.2015,31,25,20630,2399.0,1.0
03.08.2015,31,14,10160,229.0,1.0
03.08.2015,31,55,10194,499.0,1.0
03.08.2015,31,31,3731,1999.0,4.0
03.08.2015,31,7,4388,2999.0,1.0
03.08.2015,31,25,20629,2399.0,1.0
03.08.2015,31,31,20285,479.0,1.0
03.08.2015,31,55,9245,900.0,1.0
03.08.2015,31,7,4336,2899.0,1.0
03.08.2015,31,31,9870,299.0,1.0
03.08.2015,31,55,7967,999.0,1.0
03.08.2015,31,31,4944,1499.0,1.0
03.08.2015,31,47,3688,2299.0,1.0
03.08.2015,31,25,9246,900.0,2.0
03.08.2015,31,7,1453,298.0,1.0
03.08.2015,31,7,4872,1499.0,1.0
03.08.2015,31,6,13505,1099.0,1.0
03.08.2015,31,7,4806,99.0,1.0
03.08.2015,31,55,9247,900.0,5.0
03.08.2015,31,14,12472,229.0,1.0
03.08.2015,31,47,1539,1199.0,1.0
03.08.2015,31,25,12795,249.0,1.0
03.08.2015,31,25,12796,299.0,1.0
03.08.2015,31,25,12797,229.0,1.0
03.08.2015,31,28,16209,359.0,1.0
03.08.2015,31,25,20655,1799.0,1.0
03.08.2015,31,14,7872,28.0,1.0
03.08.2015,31,58,3731,1999.0,1.0
03.08.2015,31,14,10785,449.0,1.0
03.08.2015,31,58,17871,199.0,1.0
03.08.2015,31,25,16034,499.0,1.0
03.08.2015,31,25,4413,299.0,1.0
03.08.2015,31,6,3071,799.0,1.0
03.08.2015,31,18,5671,3590.0,1.0
03.08.2015,31,57,9413,299.0,1.0
03.08.2015,31,42,1971,4499.0,1.0
03.08.2015,31,31,18052,299.0,1.0
03.08.2015,31,31,3071,799.0,1.0
03.08.2015,31,57,10186,329.0,1.0
03.08.2015,31,57,9355,349.0,1.0
03.08.2015,31,57,8871,549.0,1.0
03.08.2015,31,57,8779,89.0,1.0
03.08.2015,31,18,3732,3399.0,1.0
03.08.2015,31,57,9048,169.0,1.0
03.08.2015,31,18,3774,299.0,1.0
03.08.2015,31,18,4072,299.0,1.0
03.08.2015,31,25,14892,599.0,1.0
03.08.2015,31,42,4085,499.0,1.0
03.08.2015,31,45,5817,1499.0,1.0
03.08.2015,31,25,16003,1499.0,1.0
03.08.2015,31,31,3146,2590.0,1.0
03.08.2015,31,42,1464,999.0,1.0
03.08.2015,31,16,16159,799.0,1.0
03.08.2015,31,35,10979,99.0,1.0
03.08.2015,31,34,18025,299.0,1.0
03.08.2015,31,16,15496,499.0,1.0
03.08.2015,31,45,4388,2999.0,1.0
03.08.2015,31,57,8256,199.0,1.0
03.08.2015,31,28,18675,249.0,1.0
03.08.2015,31,18,4892,999.0,2.0
03.08.2015,31,35,14526,299.0,1.0
03.08.2015,31,18,3688,2299.0,1.0
03.08.2015,31,58,12066,169.0,1.0
03.08.2015,31,25,5815,1999.0,1.0
03.08.2015,31,31,1108,299.0,1.0
03.08.2015,31,31,18044,299.0,1.0
03.08.2015,31,35,13308,399.0,1.0
03.08.2015,31,6,3479,1499.0,1.0
03.08.2015,31,31,18106,3799.0,1.0
03.08.2015,31,25,15406,449.0,1.0
03.08.2015,31,45,5669,3590.0,1.0
03.08.2015,31,45,6286,299.0,1.0
03.08.2015,31,35,14020,149.0,1.0
03.08.2015,31,6,3688,2299.0,1.0
03.08.2015,31,31,18045,299.0,1.0
03.08.2015,31,31,792,979.0,1.0
03.08.2015,31,18,2293,799.0,1.0
03.08.2015,31,6,15806,699.0,1.0
03.08.2015,31,35,20949,5.0,2.0
03.08.2015,31,6,3218,1198.0,1.0
03.08.2015,31,25,15552,999.0,1.0
03.08.2015,31,6,3077,1199.0,1.0
03.08.2015,31,45,6710,599.0,1.0
03.08.2015,31,6,3072,3499.0,1.0
03.08.2015,31,25,10064,199.0,1.0
03.08.2015,31,6,10210,3499.0,1.0
03.08.2015,31,28,20612,1099.0,1.0
03.08.2015,31,57,8544,1400.0,1.0
03.08.2015,31,42,4872,1499.0,1.0
03.08.2015,31,18,1201,299.0,1.0
03.08.2015,31,25,16622,399.0,1.0
03.08.2015,31,57,10970,169.0,1.0
03.08.2015,31,25,22102,1250.0,2.0
03.08.2015,31,57,10391,229.0,1.0
03.08.2015,31,16,19650,499.0,1.0
03.08.2015,31,42,1572,799.0,1.0
03.08.2015,31,57,10659,999.0,1.0
03.08.2015,31,57,10304,199.0,1.0
03.08.2015,31,25,16639,299.0,1.0
03.08.2015,31,16,21442,299.0,1.0
03.08.2015,31,16,18479,229.0,1.0
03.08.2015,31,35,2270,1599.0,1.0
03.08.2015,31,16,18438,229.0,1.0
03.08.2015,31,6,7070,349.0,1.0
03.08.2015,31,26,2816,2999.0,1.0
03.08.2015,31,16,20949,5.0,2.0
03.08.2015,31,57,5037,1499.0,1.0
03.08.2015,31,31,5638,3290.0,1.0
03.08.2015,31,6,6249,2999.0,1.0
03.08.2015,31,57,4894,3999.0,1.0
03.08.2015,31,57,5659,849.0,1.0
03.08.2015,31,6,6386,298.0,1.0
03.08.2015,31,31,2876,3499.0,1.0
03.08.2015,31,18,806,249.0,1.0
03.08.2015,31,25,3733,4499.0,1.0
03.08.2015,31,35,13124,1549.0,1.0
03.08.2015,31,25,9985,199.0,1.0
03.08.2015,31,16,16206,799.0,1.0
03.08.2015,31,42,1384,198.0,1.0
03.08.2015,31,42,4351,399.0,1.0
03.08.2015,31,57,8702,349.0,1.0
03.08.2015,31,16,15290,2499.0,1.0
03.08.2015,31,42,1467,1199.0,1.0
03.08.2015,31,42,1538,799.0,1.0
03.08.2015,31,6,10115,399.0,1.0
03.08.2015,31,31,15857,1499.0,1.0
03.08.2015,31,25,3731,1999.0,1.0
03.08.2015,31,25,15857,1499.0,1.0
03.08.2015,31,25,15858,439.0,1.0
03.08.2015,31,34,21447,149.0,1.0
03.08.2015,31,31,2816,2999.0,1.0
03.08.2015,31,25,16169,299.0,1.0
03.08.2015,31,6,10943,229.0,1.0
03.08.2015,31,57,11073,199.0,1.0
03.08.2015,31,34,12021,899.0,1.0
03.08.2015,31,57,11893,169.0,1.0
03.08.2015,31,28,11159,399.0,1.0
03.08.2015,31,31,15898,699.0,1.0
03.08.2015,31,16,15068,299.0,1.0
03.08.2015,31,25,8543,1400.0,1.0
03.08.2015,31,57,11261,229.0,1.0
03.08.2015,31,58,12061,169.0,1.0
03.08.2015,31,58,12361,99.0,1.0
03.08.2015,31,6,3446,1799.0,1.0
03.08.2015,31,25,15278,1099.0,1.0
03.08.2015,31,6,3007,1990.0,1.0
03.08.2015,31,31,18032,299.0,1.0
03.08.2015,31,58,9402,299.0,1.0
03.08.2015,31,22,3007,1990.0,1.0
03.08.2015,31,31,18043,299.0,1.0
03.08.2015,31,19,19778,149.0,1.0
03.08.2015,31,6,2886,999.0,1.0
03.08.2015,31,31,17534,299.0,1.0
03.08.2015,31,25,5046,349.0,1.0
03.08.2015,31,19,18101,3799.0,1.0
03.08.2015,31,6,17717,382.33333333300004,3.0
03.08.2015,31,42,1725,299.0,1.0
03.08.2015,31,25,15281,1099.0,1.0
03.08.2015,31,6,2088,1749.0,1.0
03.08.2015,31,58,17387,449.0,1.0
03.08.2015,31,58,8237,89.0,1.0
03.08.2015,31,22,806,249.0,1.0
03.08.2015,31,31,17565,399.0,1.0
03.08.2015,31,58,7173,1499.0,1.0
03.08.2015,31,22,486,300.0,1.0
03.08.2015,31,31,1180,2190.0,1.0
03.08.2015,31,58,6926,199.0,2.0
03.08.2015,31,22,839,3300.0,1.0
03.08.2015,31,45,16227,499.0,1.0
03.08.2015,31,28,21669,149.0,1.0
03.08.2015,31,58,8653,199.0,2.0
03.08.2015,31,58,8615,199.0,1.0
03.08.2015,31,19,18511,229.0,1.0
03.08.2015,31,45,19051,599.0,1.0
03.08.2015,31,45,16177,2499.0,1.0
03.08.2015,31,6,2293,799.0,1.0
03.08.2015,31,31,18036,299.0,1.0
03.08.2015,31,22,4357,399.0,1.0
03.08.2015,31,31,10391,229.0,1.0
03.08.2015,31,25,16140,799.0,1.0
03.08.2015,31,25,15323,499.0,1.0
03.08.2015,31,22,3443,1199.0,1.0
03.08.2015,31,31,8543,1400.0,1.0
03.08.2015,31,58,8624,149.0,1.0
03.08.2015,31,19,21673,299.0,1.0
03.08.2015,31,22,4445,299.0,1.0
03.08.2015,31,22,464,299.0,2.0
03.08.2015,31,25,4479,1199.0,1.0
03.08.2015,31,25,4408,299.0,1.0
03.08.2015,31,6,16922,299.0,1.0
03.08.2015,31,31,17390,99.0,1.0
03.08.2015,31,46,17717,1250.0,2.0
03.08.2015,31,22,2696,799.0,1.0
03.08.2015,31,31,6497,1499.0,1.0
03.08.2015,31,31,17811,99.0,1.0
03.08.2015,31,6,2047,58.0,1.0
03.08.2015,31,58,13159,299.0,1.0
